,gene,coefficientValue,q_val,pval,cellType,Effect_Magnitude,Effect_Direction
1,KDM5D,4.657709301,4.12E-42,2.72E-45,Endothelium,4.657709301,Positive
2,UTY,4.630136238,9.95E-58,4.70E-61,Endothelium,4.630136238,Positive
3,ZFY,4.573561874,2.50E-37,1.89E-40,Endothelium,4.573561874,Positive
4,DDX3Y,4.477158377,6.71E-70,6.34E-74,Endothelium,4.477158377,Positive
5,EIF1AY,4.419745283,3.57E-46,2.02E-49,Endothelium,4.419745283,Positive
6,RPS4Y1,4.219459099,1.10E-61,4.17E-65,Endothelium,4.219459099,Positive
7,USP9Y,4.134392763,3.35E-65,9.50E-69,Endothelium,4.134392763,Positive
8,NLGN4Y,3.65311082,8.44E-28,7.97E-31,Endothelium,3.65311082,Positive
9,PCDH11Y,1.641834849,7.88E-14,8.93E-17,Endothelium,1.641834849,Positive
12,DDX43,0.659667618,1.27E-06,2.52E-09,Endothelium,0.659667618,Positive
30,KDM6A,-0.466698677,7.31E-68,1.38E-71,Endothelium,0.466698677,Negative
35,EIF1AX,-0.443284118,5.09E-10,7.69E-13,Endothelium,0.443284118,Negative
47,CLIC2,-0.398558838,8.20E-09,1.47E-11,Endothelium,0.398558838,Negative
56,ZFX,-0.382206848,6.76E-28,5.74E-31,Endothelium,0.382206848,Negative
62,KDM5C,-0.370163944,7.50E-15,7.79E-18,Endothelium,0.370163944,Negative
73,PUDP,-0.35229212,1.92E-12,2.54E-15,Endothelium,0.35229212,Negative
87,DDX3X,-0.328418867,2.57E-09,4.38E-12,Endothelium,0.328418867,Negative
100,SYAP1,-0.314622251,7.54E-10,1.21E-12,Endothelium,0.314622251,Negative
124,EIF2S3,-0.299536207,1.80E-13,2.21E-16,Endothelium,0.299536207,Negative
139,PLEKHG1,-0.288700502,0.068331922,0.000193611,Endothelium,0.288700502,Negative
156,CA5B,-0.279248616,7.76E-12,1.10E-14,Endothelium,0.279248616,Negative
170,DHRSX,0.271533454,3.81E-07,7.20E-10,Endothelium,0.271533454,Positive
224,ZRSR2,-0.250510826,9.86E-06,2.14E-08,Endothelium,0.250510826,Negative
248,TXLNG,-0.241976981,0.002987317,7.34E-06,Endothelium,0.241976981,Negative
264,CD99,0.236385049,0.006507326,1.66E-05,Endothelium,0.236385049,Positive
295,SMC1A,-0.225346925,5.78E-06,1.20E-08,Endothelium,0.225346925,Negative
421,SERTAD2,-0.198108645,0.049287787,0.000134997,Endothelium,0.198108645,Negative
446,ACVR2A,0.193467397,0.018675861,4.94E-05,Endothelium,0.193467397,Positive
547,PACSIN2,-0.179270498,0.089214993,0.000261207,Endothelium,0.179270498,Negative
671,CHM,-0.165235522,0.000208647,4.73E-07,Endothelium,0.165235522,Negative
1001,USP9X,-0.139682521,0.001718422,4.06E-06,Endothelium,0.139682521,Negative
10589,KDM5D,5.256892689,3.96E-28,3.66E-31,Fibroblast,5.256892689,Positive
10590,DDX3Y,5.18262632,2.59E-42,1.44E-45,Fibroblast,5.18262632,Positive
10591,UTY,4.850555057,9.13E-53,3.38E-56,Fibroblast,4.850555057,Positive
10592,ZFY,4.748523591,1.53E-35,9.91E-39,Fibroblast,4.748523591,Positive
10593,EIF1AY,4.410565939,1.16E-53,3.22E-57,Fibroblast,4.410565939,Positive
10594,USP9Y,4.368296345,2.22E-57,4.11E-61,Fibroblast,4.368296345,Positive
10595,RPS4Y1,4.226356816,2.03E-72,1.87E-76,Fibroblast,4.226356816,Positive
10596,NLGN4Y,3.710027746,4.54E-47,2.10E-50,Fibroblast,3.710027746,Positive
10597,EMB,1.168732822,6.54E-08,9.68E-11,Fibroblast,1.168732822,Positive
10599,MT1M,-0.988342585,0.083707283,0.000356168,Fibroblast,0.988342585,Negative
10607,TMEM59L,-0.597039044,0.058302561,0.000221109,Fibroblast,0.597039044,Negative
10609,FRMPD3,-0.587759834,0.012099688,2.91E-05,Fibroblast,0.587759834,Negative
10612,COL6A6,-0.558638411,0.013552361,3.48E-05,Fibroblast,0.558638411,Negative
10613,ZNF98,-0.558010161,0.000133523,2.47E-07,Fibroblast,0.558010161,Negative
10628,HSD11B1,0.496631534,0.00074859,1.45E-06,Fibroblast,0.496631534,Positive
10634,NQO1,0.485166527,0.013552361,3.51E-05,Fibroblast,0.485166527,Positive
10643,CNTN4,-0.44951635,0.045052605,0.000150023,Fibroblast,0.44951635,Negative
10652,ATP8B4,-0.428971596,0.009635543,2.05E-05,Fibroblast,0.428971596,Negative
10660,KDM6A,-0.415079834,3.63E-33,2.69E-36,Fibroblast,0.415079834,Negative
10675,CD99,0.380589908,1.78E-07,2.79E-10,Fibroblast,0.380589908,Positive
10677,DYNC1I1,0.379653274,0.069711922,0.000286708,Fibroblast,0.379653274,Positive
10688,STS,-0.366797228,1.90E-05,3.16E-08,Fibroblast,0.366797228,Negative
10694,DDX3X,-0.360789944,8.93E-13,1.07E-15,Fibroblast,0.360789944,Negative
10721,KDM5C,-0.342062968,7.85E-23,7.98E-26,Fibroblast,0.342062968,Negative
10734,EPB41L3,-0.336485564,0.011777771,2.72E-05,Fibroblast,0.336485564,Negative
10736,CCDC152,0.334343072,0.04433604,0.000143535,Fibroblast,0.334343072,Positive
10739,ADAMTSL4,-0.333377559,0.026992737,7.29E-05,Fibroblast,0.333377559,Negative
10745,CA5B,-0.330415326,4.84E-15,5.38E-18,Fibroblast,0.330415326,Negative
10748,ZFX,-0.329040092,2.85E-29,2.37E-32,Fibroblast,0.329040092,Negative
10766,PUDP,-0.317255746,2.76E-09,3.57E-12,Fibroblast,0.317255746,Negative
10806,ZRSR2,-0.291122037,4.94E-09,6.86E-12,Fibroblast,0.291122037,Negative
10807,EIF1AX,-0.291078778,5.64E-05,9.92E-08,Fibroblast,0.291078778,Negative
10866,STK24,-0.267433859,0.069711922,0.000290171,Fibroblast,0.267433859,Negative
10904,TXLNG,-0.255845574,0.054173153,0.000190415,Fibroblast,0.255845574,Negative
10925,SYAP1,-0.250387732,0.007803935,1.59E-05,Fibroblast,0.250387732,Negative
10958,TMEM64,0.23780602,0.02892651,8.56E-05,Fibroblast,0.23780602,Positive
10961,ARHGAP29,0.236635727,0.045518601,0.000155785,Fibroblast,0.236635727,Positive
11260,PKIG,0.186359951,0.069711922,0.000280783,Fibroblast,0.186359951,Positive
11262,EIF2S3,-0.186209406,0.011324973,2.51E-05,Fibroblast,0.186209406,Negative
11313,ZNF141,-0.180647178,0.069711922,0.000287532,Fibroblast,0.180647178,Negative
11357,PARP8,0.175999505,0.028780815,8.25E-05,Fibroblast,0.175999505,Positive
11510,NOTCH2,0.161831092,0.055984476,0.00020196,Fibroblast,0.161831092,Positive
12166,POLA1,-0.125224482,0.057014939,0.000210952,Fibroblast,0.125224482,Negative
12549,CHM,-0.109785706,0.04433604,0.000140817,Fibroblast,0.109785706,Negative
12709,USP9X,-0.105510352,0.026992737,7.49E-05,Fibroblast,0.105510352,Negative
12810,PCNP,-0.102969826,0.037127194,0.000113329,Fibroblast,0.102969826,Negative
21400,RPS4Y1,5.408715446,2.79E-17,2.22E-20,Lymphocyte,5.408715446,Positive
21401,DDX3Y,4.514961291,1.87E-24,1.27E-27,Lymphocyte,4.514961291,Positive
21402,UTY,4.4840144,4.64E-64,1.05E-67,Lymphocyte,4.4840144,Positive
21403,KDM5D,4.477773051,1.12E-34,3.83E-38,Lymphocyte,4.477773051,Positive
21404,USP9Y,4.304347651,7.74E-90,8.80E-94,Lymphocyte,4.304347651,Positive
21405,ZFY,4.051361165,8.03E-29,4.56E-32,Lymphocyte,4.051361165,Positive
21406,EIF1AY,3.480858727,5.81E-16,5.28E-19,Lymphocyte,3.480858727,Positive
21408,HSPB1,0.900646662,0.072900691,0.000231951,Lymphocyte,0.900646662,Positive
21419,GEMIN8,-0.745219182,0.004373644,1.04E-05,Lymphocyte,0.745219182,Negative
21421,KDM5C,-0.732242329,4.98E-11,5.66E-14,Lymphocyte,0.732242329,Negative
21434,EMP2,0.620048785,0.027426223,7.79E-05,Lymphocyte,0.620048785,Positive
21441,MAP3K20,0.611377027,0.018849562,5.14E-05,Lymphocyte,0.611377027,Positive
21454,KDM6A,-0.569885986,4.55E-31,2.07E-34,Lymphocyte,0.569885986,Negative
21460,TXN2,0.562513118,0.072900691,0.000240214,Lymphocyte,0.562513118,Positive
21480,PUDP,-0.529355691,3.10E-06,3.87E-09,Lymphocyte,0.529355691,Negative
21518,DDX3X,-0.478113553,4.03E-06,5.49E-09,Lymphocyte,0.478113553,Negative
21535,ZRSR2,-0.458496568,0.000107292,2.07E-07,Lymphocyte,0.458496568,Negative
21548,EIF1AX,-0.448506488,8.43E-05,1.53E-07,Lymphocyte,0.448506488,Negative
21550,ZFX,-0.448231665,2.44E-11,2.49E-14,Lymphocyte,0.448231665,Negative
21551,TXLNG,-0.447523377,0.000189593,3.88E-07,Lymphocyte,0.447523377,Negative
21609,PRKX,-0.419067245,0.009642433,2.52E-05,Lymphocyte,0.419067245,Negative
21621,CCDC97,-0.4112006,0.009642433,2.44E-05,Lymphocyte,0.4112006,Negative
21664,CA5B,-0.391191783,2.99E-05,4.41E-08,Lymphocyte,0.391191783,Negative
21685,PI4K2B,0.382486553,0.08510622,0.000309442,Lymphocyte,0.382486553,Positive
21707,EIF2S3,-0.373754793,0.000416845,9.47E-07,Lymphocyte,0.373754793,Negative
21884,NCALD,-0.325091724,6.60E-05,1.12E-07,Lymphocyte,0.325091724,Negative
21965,CXorf38,-0.303361706,0.08510622,0.000305473,Lymphocyte,0.303361706,Negative
22106,SCAP,-0.279727417,0.054522689,0.000165336,Lymphocyte,0.279727417,Negative
22231,CD99,0.261893776,0.076895482,0.000262114,Lymphocyte,0.261893776,Positive
22255,USP9X,-0.259477906,0.000198644,4.29E-07,Lymphocyte,0.259477906,Negative
22288,SEPTIN6,-0.254444486,6.60E-05,1.10E-07,Lymphocyte,0.254444486,Negative
22782,RSRC1,0.208338567,0.054522689,0.000167267,Lymphocyte,0.208338567,Positive
30201,UTY,5.295338121,1.71E-60,6.47E-64,Myeloid,5.295338121,Positive
30202,KDM5D,5.180176059,1.28E-46,9.67E-50,Myeloid,5.180176059,Positive
30203,ZFY,4.815392015,3.57E-71,1.01E-74,Myeloid,4.815392015,Positive
30204,DDX3Y,4.723940239,2.29E-83,2.17E-87,Myeloid,4.723940239,Positive
30205,USP9Y,4.53916024,9.76E-55,4.63E-58,Myeloid,4.53916024,Positive
30206,EIF1AY,4.307082784,1.39E-54,7.88E-58,Myeloid,4.307082784,Positive
30207,RPS4Y1,4.307048548,9.75E-73,1.85E-76,Myeloid,4.307048548,Positive
30211,GRASP,-0.741022076,0.056124293,0.000163019,Myeloid,0.741022076,Negative
30222,SH3BP5,-0.499558924,0.061837083,0.000199304,Myeloid,0.499558924,Negative
30227,BIRC3,-0.469989452,0.015315407,3.77E-05,Myeloid,0.469989452,Negative
30230,EIF1AX,-0.459747834,1.56E-05,2.22E-08,Myeloid,0.459747834,Negative
30240,SYAP1,-0.443796215,0.003453818,7.53E-06,Myeloid,0.443796215,Negative
30245,PUDP,-0.439413592,2.58E-16,2.45E-19,Myeloid,0.439413592,Negative
30253,SNX32,0.426980173,0.044678469,0.000118589,Myeloid,0.426980173,Positive
30257,KDM6A,-0.423655915,1.45E-54,9.65E-58,Myeloid,0.423655915,Negative
30264,NFAM1,-0.411765811,0.005856006,1.33E-05,Myeloid,0.411765811,Negative
30275,ZFX,-0.386276569,6.59E-36,5.62E-39,Myeloid,0.386276569,Negative
30276,KDM5C,-0.385510528,7.73E-13,8.06E-16,Myeloid,0.385510528,Negative
30278,STX11,-0.384778947,0.002335615,4.65E-06,Myeloid,0.384778947,Negative
30305,PRKX,-0.363139808,7.25E-06,9.62E-09,Myeloid,0.363139808,Negative
30321,CCDC180,0.341945456,0.056124293,0.000164931,Myeloid,0.341945456,Positive
30334,ARSD,-0.32790634,0.001322735,2.26E-06,Myeloid,0.32790634,Negative
30339,RILPL2,-0.325186045,0.056844682,0.000172436,Myeloid,0.325186045,Negative
30373,SMC1A,-0.300268703,1.89E-05,2.87E-08,Myeloid,0.300268703,Negative
30409,SH3TC1,-0.28494473,0.072373518,0.000240124,Myeloid,0.28494473,Negative
30433,NME3,0.271718333,0.022842259,5.85E-05,Myeloid,0.271718333,Positive
30480,CA5B,-0.259651079,1.21E-08,1.38E-11,Myeloid,0.259651079,Negative
30487,ZNF699,-0.258017816,0.082788722,0.000282529,Myeloid,0.258017816,Negative
30490,DDX3X,-0.257035483,0.00275683,5.75E-06,Myeloid,0.257035483,Negative
30499,ZRSR2,-0.253176926,3.11E-05,5.01E-08,Myeloid,0.253176926,Negative
30531,EIF2S3,-0.243601729,5.85E-07,7.20E-10,Myeloid,0.243601729,Negative
30654,RPA2,-0.218915732,0.002303921,4.37E-06,Myeloid,0.218915732,Negative
30872,ALG13,-0.18700484,0.002303921,4.33E-06,Myeloid,0.18700484,Negative
31055,NAA20,0.169203902,0.094401782,0.000331109,Myeloid,0.169203902,Positive
31222,CHM,-0.155635963,0.008290022,1.96E-05,Myeloid,0.155635963,Negative
31325,RAE1,0.149022555,0.054968662,0.000151113,Myeloid,0.149022555,Positive
31945,ZNF592,-0.121154241,0.057773035,0.000180729,Myeloid,0.121154241,Negative
40750,KDM5D,4.880376445,8.73E-21,6.95E-24,Perivascular,4.880376445,Positive
40751,DDX3Y,4.59932982,3.31E-26,1.98E-29,Perivascular,4.59932982,Positive
40752,UTY,4.454087045,4.43E-32,2.21E-35,Perivascular,4.454087045,Positive
40753,USP9Y,4.160986382,2.67E-40,5.31E-44,Perivascular,4.160986382,Positive
40754,ZFY,4.06141486,1.97E-33,5.90E-37,Perivascular,4.06141486,Positive
40755,EIF1AY,4.034589135,9.84E-33,3.92E-36,Perivascular,4.034589135,Positive
40756,RPS4Y1,3.789403291,1.27E-74,1.26E-78,Perivascular,3.789403291,Positive
40758,PCDH9,0.644642313,0.020061881,3.60E-05,Perivascular,0.644642313,Positive
40764,BCO2,0.582603157,0.041527764,8.69E-05,Perivascular,0.582603157,Positive
40787,KDM6A,-0.415773081,1.18E-24,8.25E-28,Perivascular,0.415773081,Negative
40789,TAFA1,0.412945927,0.047965859,0.000105104,Perivascular,0.412945927,Positive
40805,PHLDB3,-0.380246295,0.032316592,6.12E-05,Perivascular,0.380246295,Negative
40819,EIF1AX,-0.357389294,0.018146624,3.07E-05,Perivascular,0.357389294,Negative
40826,KDM5C,-0.347964989,5.32E-10,5.30E-13,Perivascular,0.347964989,Negative
40831,DDX3X,-0.340929907,4.31E-06,5.15E-09,Perivascular,0.340929907,Negative
40853,CA5B,-0.322221958,1.84E-08,2.01E-11,Perivascular,0.322221958,Negative
40855,CD99,0.318961375,0.000116253,1.51E-07,Perivascular,0.318961375,Positive
40922,EIF2S3B,-0.274464394,0.055814606,0.000133421,Perivascular,0.274464394,Negative
40928,ZFX,-0.270265537,3.18E-13,2.85E-16,Perivascular,0.270265537,Negative
40987,SMC1A,-0.240048084,0.000844002,1.18E-06,Perivascular,0.240048084,Negative
41091,EIF2S3,-0.214291198,0.002496183,3.98E-06,Perivascular,0.214291198,Negative
41116,PUDP,-0.208232703,0.074617079,0.000193231,Perivascular,0.208232703,Negative
41298,DHRSX,0.176620728,0.052825327,0.000121014,Perivascular,0.176620728,Positive
41303,AEBP2,-0.176092705,0.058666322,0.000146081,Perivascular,0.176092705,Negative
41325,PCYT1A,0.173349693,0.04014097,8.00E-05,Perivascular,0.173349693,Positive
41898,USP9X,-0.129301429,0.001859171,2.78E-06,Perivascular,0.129301429,Negative
50790,EIF1AY,5.158753877,2.08E-27,1.45E-30,Ventricular_Cardiomyocytes,5.158753877,Positive
50791,KDM5D,5.106654254,5.79E-27,4.54E-30,Ventricular_Cardiomyocytes,5.106654254,Positive
50792,DDX3Y,4.882888263,2.14E-26,1.87E-29,Ventricular_Cardiomyocytes,4.882888263,Positive
50793,UTY,4.595611498,1.24E-49,5.40E-53,Ventricular_Cardiomyocytes,4.595611498,Positive
50794,ZFY,4.522986768,1.98E-39,1.03E-42,Ventricular_Cardiomyocytes,4.522986768,Positive
50795,USP9Y,4.33757153,1.09E-52,3.81E-56,Ventricular_Cardiomyocytes,4.33757153,Positive
50796,RPS4Y1,3.350707476,5.60E-72,4.88E-76,Ventricular_Cardiomyocytes,3.350707476,Positive
50797,C4orf54,1.536081238,0.011000736,7.11E-05,Ventricular_Cardiomyocytes,1.536081238,Positive
50798,KCNJ3,1.398852715,3.55E-07,5.56E-10,Ventricular_Cardiomyocytes,1.398852715,Positive
50799,HS6ST3,1.398231796,3.15E-09,3.29E-12,Ventricular_Cardiomyocytes,1.398231796,Positive
50800,NPTX2,1.382769179,2.94E-08,3.58E-11,Ventricular_Cardiomyocytes,1.382769179,Positive
50802,MDGA1,1.223896101,1.41E-06,2.83E-09,Ventricular_Cardiomyocytes,1.223896101,Positive
50803,FRMD5,1.197656172,3.78E-29,2.30E-32,Ventricular_Cardiomyocytes,1.197656172,Positive
50804,MCTP2,-1.09639321,0.005549411,3.09E-05,Ventricular_Cardiomyocytes,1.09639321,Negative
50805,ARHGAP18,1.037230859,0.000100945,2.81E-07,Ventricular_Cardiomyocytes,1.037230859,Positive
50806,DNER,1.020896306,1.17E-06,2.15E-09,Ventricular_Cardiomyocytes,1.020896306,Positive
50807,CPLX3,1.019868006,0.000549247,1.87E-06,Ventricular_Cardiomyocytes,1.019868006,Positive
50808,GJA5,-1.001054721,0.048379765,0.000568728,Ventricular_Cardiomyocytes,1.001054721,Negative
50810,APOD,0.942827411,0.049125711,0.000586052,Ventricular_Cardiomyocytes,0.942827411,Positive
50812,HTR4,0.924571342,4.81E-08,6.28E-11,Ventricular_Cardiomyocytes,0.924571342,Positive
50813,FAM83B,0.909022952,0.002477266,1.21E-05,Ventricular_Cardiomyocytes,0.909022952,Positive
50814,LMAN1L,0.906832226,0.000920848,3.77E-06,Ventricular_Cardiomyocytes,0.906832226,Positive
50816,ATP1B3,-0.900626577,0.020082027,0.000165658,Ventricular_Cardiomyocytes,0.900626577,Negative
50817,FAM155B,0.879222701,0.00036443,1.17E-06,Ventricular_Cardiomyocytes,0.879222701,Positive
50818,LRFN5,-0.847524982,0.057081731,0.000720729,Ventricular_Cardiomyocytes,0.847524982,Negative
50819,SV2B,0.837484417,0.014081443,9.69E-05,Ventricular_Cardiomyocytes,0.837484417,Positive
50820,TTLL7,0.803054873,8.04E-07,1.40E-09,Ventricular_Cardiomyocytes,0.803054873,Positive
50821,RNF157,0.799760295,1.09E-05,2.42E-08,Ventricular_Cardiomyocytes,0.799760295,Positive
50824,FSIP1,0.781467694,0.001347094,5.98E-06,Ventricular_Cardiomyocytes,0.781467694,Positive
50825,L3MBTL4,-0.779698051,0.035792423,0.000355306,Ventricular_Cardiomyocytes,0.779698051,Negative
50826,ANKRD1,0.773175711,0.008107957,4.87E-05,Ventricular_Cardiomyocytes,0.773175711,Positive
50827,GALNTL6,-0.761445423,0.049246811,0.000594262,Ventricular_Cardiomyocytes,0.761445423,Negative
50828,TNFRSF11B,0.73501917,0.085771328,0.001404128,Ventricular_Cardiomyocytes,0.73501917,Positive
50831,CHL1,0.725157738,0.070623074,0.0010024,Ventricular_Cardiomyocytes,0.725157738,Positive
50834,FAM184A,0.713556016,0.000759682,2.91E-06,Ventricular_Cardiomyocytes,0.713556016,Positive
50835,PPM1E,0.705973333,0.00023581,7.19E-07,Ventricular_Cardiomyocytes,0.705973333,Positive
50836,PAK1,0.703105885,0.000245933,7.71E-07,Ventricular_Cardiomyocytes,0.703105885,Positive
50837,ACTA1,0.700891039,0.078015922,0.00117233,Ventricular_Cardiomyocytes,0.700891039,Positive
50838,ZNF331,-0.700269195,0.070022391,0.000987777,Ventricular_Cardiomyocytes,0.700269195,Negative
50841,STAB1,0.694006955,0.016498792,0.000120681,Ventricular_Cardiomyocytes,0.694006955,Positive
50843,VWC2L,0.683243712,0.078180666,0.001204979,Ventricular_Cardiomyocytes,0.683243712,Positive
50844,EPHB2,0.670587148,0.000597786,2.08E-06,Ventricular_Cardiomyocytes,0.670587148,Positive
50848,GNAL,0.649233554,0.0001466,4.34E-07,Ventricular_Cardiomyocytes,0.649233554,Positive
50851,LRRC7,0.638863166,0.005554692,3.15E-05,Ventricular_Cardiomyocytes,0.638863166,Positive
50852,SLC15A2,0.638742239,0.00100566,4.29E-06,Ventricular_Cardiomyocytes,0.638742239,Positive
50856,SLIT3,-0.636439166,0.002043581,9.61E-06,Ventricular_Cardiomyocytes,0.636439166,Negative
50858,XG,0.631700417,0.016086151,0.000115153,Ventricular_Cardiomyocytes,0.631700417,Positive
50860,RDH5,0.624747952,0.084416703,0.0013599,Ventricular_Cardiomyocytes,0.624747952,Positive
50864,WNK3,0.604519416,4.61E-07,7.62E-10,Ventricular_Cardiomyocytes,0.604519416,Positive
50865,SEL1L3,0.60129368,0.063880115,0.000873317,Ventricular_Cardiomyocytes,0.60129368,Positive
50866,SVOP,0.596948993,0.043643327,0.000459843,Ventricular_Cardiomyocytes,0.596948993,Positive
50867,GRIP1,0.594927815,0.060649969,0.000796553,Ventricular_Cardiomyocytes,0.594927815,Positive
50869,GADD45G,0.591297113,0.056005761,0.00069739,Ventricular_Cardiomyocytes,0.591297113,Positive
50871,STC2,0.589271603,0.000111405,3.20E-07,Ventricular_Cardiomyocytes,0.589271603,Positive
50872,MBNL3,0.58702136,0.000720454,2.63E-06,Ventricular_Cardiomyocytes,0.58702136,Positive
50874,ZMAT4,-0.58398784,0.009700235,6.00E-05,Ventricular_Cardiomyocytes,0.58398784,Negative
50876,SUSD1,0.56985354,0.021138301,0.000176705,Ventricular_Cardiomyocytes,0.56985354,Positive
50877,RGS7BP,0.569313894,0.00956318,5.83E-05,Ventricular_Cardiomyocytes,0.569313894,Positive
50878,FRMPD1,0.566809981,0.058038584,0.000742098,Ventricular_Cardiomyocytes,0.566809981,Positive
50884,TMEM100,0.553669808,0.025040917,0.000220231,Ventricular_Cardiomyocytes,0.553669808,Positive
50888,CYP4F12,-0.545843752,0.005554692,3.19E-05,Ventricular_Cardiomyocytes,0.545843752,Negative
50890,PDE8B,0.539920877,0.096642656,0.001767238,Ventricular_Cardiomyocytes,0.539920877,Positive
50897,GNAO1,0.516278609,0.011000736,7.03E-05,Ventricular_Cardiomyocytes,0.516278609,Positive
50906,MAL,-0.501745426,0.001899863,8.77E-06,Ventricular_Cardiomyocytes,0.501745426,Negative
50911,ANTXR1,0.494165883,0.090418238,0.001578771,Ventricular_Cardiomyocytes,0.494165883,Positive
50913,NMNAT2,0.491534368,0.060649969,0.000801604,Ventricular_Cardiomyocytes,0.491534368,Positive
50918,ITGA11,0.488554886,0.018436537,0.000147698,Ventricular_Cardiomyocytes,0.488554886,Positive
50919,ASTN2,0.487702895,0.000974862,4.07E-06,Ventricular_Cardiomyocytes,0.487702895,Positive
50921,CACHD1,0.486148765,0.035427265,0.000348596,Ventricular_Cardiomyocytes,0.486148765,Positive
50922,FLNC,0.48567971,0.092403805,0.001665586,Ventricular_Cardiomyocytes,0.48567971,Positive
50923,FLNB,0.485552111,0.000690619,2.47E-06,Ventricular_Cardiomyocytes,0.485552111,Positive
50924,KDM6A,-0.484380212,1.64E-64,2.85E-68,Ventricular_Cardiomyocytes,0.484380212,Negative
50928,CHRNA7,0.48088315,0.042781863,0.000435865,Ventricular_Cardiomyocytes,0.48088315,Positive
50934,ZFX,-0.472662163,4.67E-54,1.22E-57,Ventricular_Cardiomyocytes,0.472662163,Negative
50938,ARRB1,0.466457182,0.01820597,0.000139509,Ventricular_Cardiomyocytes,0.466457182,Positive
50942,DNAH14,0.460713493,0.043672175,0.000464921,Ventricular_Cardiomyocytes,0.460713493,Positive
50945,ANKRD7,0.456322927,0.00623107,3.69E-05,Ventricular_Cardiomyocytes,0.456322927,Positive
50947,SLC35F3,0.453807227,0.004100907,2.07E-05,Ventricular_Cardiomyocytes,0.453807227,Positive
50948,FMO5,0.452123397,0.004488546,2.38E-05,Ventricular_Cardiomyocytes,0.452123397,Positive
50949,ERC2,0.451566271,0.042852525,0.000444048,Ventricular_Cardiomyocytes,0.451566271,Positive
50955,GRIK5,0.446375134,0.071810874,0.001031765,Ventricular_Cardiomyocytes,0.446375134,Positive
50958,FRAS1,-0.444848257,0.07223502,0.00104415,Ventricular_Cardiomyocytes,0.444848257,Negative
50961,LMOD1,0.440828337,0.016751193,0.000123986,Ventricular_Cardiomyocytes,0.440828337,Positive
50963,NOS1,0.440516399,0.090418238,0.001582555,Ventricular_Cardiomyocytes,0.440516399,Positive
50964,LSAMP,0.44016119,0.060733455,0.000809145,Ventricular_Cardiomyocytes,0.44016119,Positive
50969,DACT3,0.439294596,0.012214579,8.08E-05,Ventricular_Cardiomyocytes,0.439294596,Positive
50971,DOK5,-0.439046664,0.00411246,2.11E-05,Ventricular_Cardiomyocytes,0.439046664,Negative
50973,SRC,0.436908061,0.001892797,8.57E-06,Ventricular_Cardiomyocytes,0.436908061,Positive
50976,XRCC4,0.434166374,0.092301768,0.001655709,Ventricular_Cardiomyocytes,0.434166374,Positive
50978,SAMD12,0.432037301,0.020082027,0.000163565,Ventricular_Cardiomyocytes,0.432037301,Positive
50979,KCNIP3,0.430250815,0.044571433,0.000485689,Ventricular_Cardiomyocytes,0.430250815,Positive
50984,ZNF727,-0.428221279,0.078015922,0.001175783,Ventricular_Cardiomyocytes,0.428221279,Negative
50986,PHACTR3,-0.42783193,0.047838601,0.0005582,Ventricular_Cardiomyocytes,0.42783193,Negative
50987,ZDHHC9,0.427793687,0.01316738,8.94E-05,Ventricular_Cardiomyocytes,0.427793687,Positive
50988,SQOR,0.427674353,1.15E-05,2.69E-08,Ventricular_Cardiomyocytes,0.427674353,Positive
50990,KIAA1671,0.427429928,6.30E-05,1.65E-07,Ventricular_Cardiomyocytes,0.427429928,Positive
50994,NHS,0.42474957,0.051924638,0.000633007,Ventricular_Cardiomyocytes,0.42474957,Positive
50996,ASIP,0.42291282,0.005132289,2.82E-05,Ventricular_Cardiomyocytes,0.42291282,Positive
51001,CACNA2D3,0.412856005,0.000791507,3.10E-06,Ventricular_Cardiomyocytes,0.412856005,Positive
51003,STX2,0.408991267,0.031679008,0.000292405,Ventricular_Cardiomyocytes,0.408991267,Positive
51008,DUSP13,0.405898244,0.060649969,0.000791652,Ventricular_Cardiomyocytes,0.405898244,Positive
51019,NKAIN2,0.39996259,0.055229641,0.000682916,Ventricular_Cardiomyocytes,0.39996259,Positive
51023,APBB2,0.395015117,0.01772976,0.000134316,Ventricular_Cardiomyocytes,0.395015117,Positive
51034,ZC4H2,-0.386106252,0.090418238,0.001555443,Ventricular_Cardiomyocytes,0.386106252,Negative
51041,PKIB,0.381765825,0.026068523,0.000231539,Ventricular_Cardiomyocytes,0.381765825,Positive
51042,MYT1L,0.379468805,0.070022391,0.000987759,Ventricular_Cardiomyocytes,0.379468805,Positive
51043,CASTOR3,0.378755562,0.076374329,0.001130585,Ventricular_Cardiomyocytes,0.378755562,Positive
51044,ESR2,0.378037013,0.000486739,1.61E-06,Ventricular_Cardiomyocytes,0.378037013,Positive
51045,SDK2,0.377779747,0.033340571,0.000316451,Ventricular_Cardiomyocytes,0.377779747,Positive
51046,DLL1,0.377383269,0.045108401,0.000514559,Ventricular_Cardiomyocytes,0.377383269,Positive
51047,PLA2R1,0.376913394,0.073316655,0.001066169,Ventricular_Cardiomyocytes,0.376913394,Positive
51048,CHRM3,0.37687475,0.043643327,0.000457289,Ventricular_Cardiomyocytes,0.37687475,Positive
51056,ZNF501,-0.372296462,0.058038584,0.000742918,Ventricular_Cardiomyocytes,0.372296462,Negative
51059,TPM3,0.370547038,0.001305953,5.69E-06,Ventricular_Cardiomyocytes,0.370547038,Positive
51064,SLC9A5,0.367846262,6.90E-05,1.86E-07,Ventricular_Cardiomyocytes,0.367846262,Positive
51072,RIMS2,0.362736225,0.032113218,0.000302005,Ventricular_Cardiomyocytes,0.362736225,Positive
51074,TGIF1,0.361961017,0.078015922,0.001182059,Ventricular_Cardiomyocytes,0.361961017,Positive
51087,SLC41A2,0.357979592,0.015723144,0.0001109,Ventricular_Cardiomyocytes,0.357979592,Positive
51092,CGNL1,-0.356227949,0.090418238,0.001580427,Ventricular_Cardiomyocytes,0.356227949,Negative
51096,DNAJC12,0.352087951,0.011000736,7.08E-05,Ventricular_Cardiomyocytes,0.352087951,Positive
51105,TMEM178A,0.347647081,0.081996904,0.001278078,Ventricular_Cardiomyocytes,0.347647081,Positive
51106,OSBPL6,0.347493427,0.004641792,2.51E-05,Ventricular_Cardiomyocytes,0.347493427,Positive
51108,RPUSD4,0.345921611,0.002466651,1.18E-05,Ventricular_Cardiomyocytes,0.345921611,Positive
51115,EIF4EBP1,0.343587082,0.090418238,0.001567802,Ventricular_Cardiomyocytes,0.343587082,Positive
51119,OPRM1,0.341830762,0.044605287,0.000504299,Ventricular_Cardiomyocytes,0.341830762,Positive
51126,SLC35F1,0.337221257,0.091566067,0.001634539,Ventricular_Cardiomyocytes,0.337221257,Positive
51127,LRRC1,0.336159014,0.018436537,0.000145484,Ventricular_Cardiomyocytes,0.336159014,Positive
51129,RPGR,0.335962539,0.076378802,0.001137302,Ventricular_Cardiomyocytes,0.335962539,Positive
51132,C1orf105,0.334822862,0.078180666,0.001199035,Ventricular_Cardiomyocytes,0.334822862,Positive
51134,LRRC8D,0.33446515,0.033952426,0.000331128,Ventricular_Cardiomyocytes,0.33446515,Positive
51162,UCK2,0.323268746,0.049125711,0.000583647,Ventricular_Cardiomyocytes,0.323268746,Positive
51165,DIAPH2,0.321434507,1.27E-06,2.44E-09,Ventricular_Cardiomyocytes,0.321434507,Positive
51181,FAM78B,0.316541149,0.02349476,0.000202541,Ventricular_Cardiomyocytes,0.316541149,Positive
51207,CD99,0.306915918,3.53E-06,7.37E-09,Ventricular_Cardiomyocytes,0.306915918,Positive
51213,KDM5C,-0.304302328,3.44E-14,3.30E-17,Ventricular_Cardiomyocytes,0.304302328,Negative
51214,ANKRD50,0.304138483,0.044571433,0.000489028,Ventricular_Cardiomyocytes,0.304138483,Positive
51252,TPD52L1,0.291565948,0.004068478,2.02E-05,Ventricular_Cardiomyocytes,0.291565948,Positive
51257,DDX3X,-0.290687915,1.32E-07,1.84E-10,Ventricular_Cardiomyocytes,0.290687915,Negative
51281,PUDP,-0.284871428,1.09E-05,2.48E-08,Ventricular_Cardiomyocytes,0.284871428,Negative
51295,PIPOX,0.281823776,0.090418238,0.001553689,Ventricular_Cardiomyocytes,0.281823776,Positive
51296,TPTE,0.280947445,0.049246811,0.000596073,Ventricular_Cardiomyocytes,0.280947445,Positive
51353,KCNJ5,-0.269221482,0.084148122,0.001348246,Ventricular_Cardiomyocytes,0.269221482,Negative
51388,URB1,0.262555869,0.022065919,0.000188302,Ventricular_Cardiomyocytes,0.262555869,Positive
51395,TTC7A,0.260944707,0.017294937,0.000129516,Ventricular_Cardiomyocytes,0.260944707,Positive
51414,WDFY2,-0.255896128,0.084148122,0.001341196,Ventricular_Cardiomyocytes,0.255896128,Negative
51421,VMP1,0.254648432,0.093593697,0.001695184,Ventricular_Cardiomyocytes,0.254648432,Positive
51424,SLC1A3,0.254274944,0.006014178,3.51E-05,Ventricular_Cardiomyocytes,0.254274944,Positive
51434,TMEM150A,0.2524386,0.090418238,0.001543883,Ventricular_Cardiomyocytes,0.2524386,Positive
51436,SSX2IP,0.252089224,0.090418238,0.001580705,Ventricular_Cardiomyocytes,0.252089224,Positive
51446,NCKAP5,0.24999236,0.091566067,0.001633806,Ventricular_Cardiomyocytes,0.24999236,Positive
51450,ENTPD7,0.249038471,0.060649969,0.000802751,Ventricular_Cardiomyocytes,0.249038471,Positive
51462,DOCK4,0.24769252,0.030171111,0.000275859,Ventricular_Cardiomyocytes,0.24769252,Positive
51482,ZRSR2,-0.243826755,2.55E-07,3.77E-10,Ventricular_Cardiomyocytes,0.243826755,Negative
51486,TPTE2,0.243651835,0.061188298,0.000825861,Ventricular_Cardiomyocytes,0.243651835,Positive
51489,EFCAB5,0.243323782,0.088429941,0.001470752,Ventricular_Cardiomyocytes,0.243323782,Positive
51514,FEM1B,0.239526221,0.071810874,0.001029185,Ventricular_Cardiomyocytes,0.239526221,Positive
51527,PLIN5,-0.23785035,0.047315961,0.000547982,Ventricular_Cardiomyocytes,0.23785035,Negative
51531,TMEM70,0.237209767,0.032113218,0.00030015,Ventricular_Cardiomyocytes,0.237209767,Positive
51536,LRIG3,-0.236708322,0.044605287,0.000504707,Ventricular_Cardiomyocytes,0.236708322,Negative
51547,SMC1A,-0.23550938,2.71E-08,3.07E-11,Ventricular_Cardiomyocytes,0.23550938,Negative
51559,CHRAC1,-0.232794634,0.064641183,0.000892208,Ventricular_Cardiomyocytes,0.232794634,Negative
51570,PABPC1L,0.230404786,0.052186225,0.00064074,Ventricular_Cardiomyocytes,0.230404786,Positive
51578,TBX20,-0.229158343,0.098059519,0.001827302,Ventricular_Cardiomyocytes,0.229158343,Negative
51583,AGAP9,0.228412776,0.024553421,0.000213805,Ventricular_Cardiomyocytes,0.228412776,Positive
51584,ANXA11,-0.228351379,0.011000736,7.18E-05,Ventricular_Cardiomyocytes,0.228351379,Negative
51595,CDC14A,0.225902286,0.060649969,0.000788944,Ventricular_Cardiomyocytes,0.225902286,Positive
51598,TXLNG,-0.224718234,1.68E-05,4.24E-08,Ventricular_Cardiomyocytes,0.224718234,Negative
51601,CCNB1IP1,-0.224190078,0.088429941,0.001466506,Ventricular_Cardiomyocytes,0.224190078,Negative
51614,LIMK2,0.223018485,0.000758066,2.84E-06,Ventricular_Cardiomyocytes,0.223018485,Positive
51621,TRMT9B,-0.221811138,0.082125789,0.001287238,Ventricular_Cardiomyocytes,0.221811138,Negative
51663,EIF2S3,-0.21703913,1.31E-05,3.19E-08,Ventricular_Cardiomyocytes,0.21703913,Negative
51674,GOT1,-0.215540558,0.04282054,0.000439988,Ventricular_Cardiomyocytes,0.215540558,Negative
51689,ANKH,-0.213677145,0.084901888,0.001375109,Ventricular_Cardiomyocytes,0.213677145,Negative
51691,ATF4,0.21342805,0.037213815,0.000372657,Ventricular_Cardiomyocytes,0.21342805,Positive
51721,SAYSD1,0.208737771,0.078180666,0.001198307,Ventricular_Cardiomyocytes,0.208737771,Positive
51733,NMD3,-0.207702562,0.021893514,0.000184924,Ventricular_Cardiomyocytes,0.207702562,Negative
51765,FGD1,0.204342093,0.064641183,0.00089498,Ventricular_Cardiomyocytes,0.204342093,Positive
51828,TRPM7,-0.197622411,0.043672175,0.000467753,Ventricular_Cardiomyocytes,0.197622411,Negative
51830,ASMTL,0.197293307,0.061140022,0.000819885,Ventricular_Cardiomyocytes,0.197293307,Positive
51839,FAM210A,-0.196062276,0.012523922,8.40E-05,Ventricular_Cardiomyocytes,0.196062276,Negative
51853,DGKH,0.193412337,0.074248866,0.00108619,Ventricular_Cardiomyocytes,0.193412337,Positive
51866,DCAF8,0.192300208,0.094520201,0.001720195,Ventricular_Cardiomyocytes,0.192300208,Positive
51899,MMGT1,-0.18924159,0.033779268,0.000323556,Ventricular_Cardiomyocytes,0.18924159,Negative
51925,YARS1,0.187304215,0.00082707,3.31E-06,Ventricular_Cardiomyocytes,0.187304215,Positive
51928,LARP6,0.187055388,0.089497586,0.001496302,Ventricular_Cardiomyocytes,0.187055388,Positive
51942,DYSF,0.186242228,0.033952426,0.000329347,Ventricular_Cardiomyocytes,0.186242228,Positive
51972,ZNF527,-0.18362987,0.018232317,0.000141299,Ventricular_Cardiomyocytes,0.18362987,Negative
52001,ENOX2,0.18100454,0.004488546,2.36E-05,Ventricular_Cardiomyocytes,0.18100454,Positive
52041,PLXNB2,0.177897031,0.088429941,0.001464772,Ventricular_Cardiomyocytes,0.177897031,Positive
52069,SNX7,-0.175892392,0.04525556,0.000520179,Ventricular_Cardiomyocytes,0.175892392,Negative
52093,KALRN,0.174458782,0.084098284,0.001325478,Ventricular_Cardiomyocytes,0.174458782,Positive
52157,MALT1,-0.170129367,0.091566067,0.001633149,Ventricular_Cardiomyocytes,0.170129367,Negative
52159,CEP95,-0.170050398,0.018436537,0.00014693,Ventricular_Cardiomyocytes,0.170050398,Negative
52211,DEDD2,0.165862042,0.028543645,0.000258493,Ventricular_Cardiomyocytes,0.165862042,Positive
52236,SRA1,-0.164146559,0.097648994,0.001811149,Ventricular_Cardiomyocytes,0.164146559,Negative
52248,CCNH,-0.163594504,0.084913373,0.001382689,Ventricular_Cardiomyocytes,0.163594504,Negative
52312,MAGI3,0.159392695,0.074541755,0.001096966,Ventricular_Cardiomyocytes,0.159392695,Positive
52324,FAM126A,0.158631999,0.044605287,0.000504936,Ventricular_Cardiomyocytes,0.158631999,Positive
52405,SPIN1,-0.154284936,0.090368474,0.001518732,Ventricular_Cardiomyocytes,0.154284936,Negative
52415,FBXO42,-0.153325301,0.016086151,0.000116262,Ventricular_Cardiomyocytes,0.153325301,Negative
52438,UBFD1,0.152122719,0.064709764,0.000901564,Ventricular_Cardiomyocytes,0.152122719,Positive
52440,CAB39L,-0.151912328,0.090615606,0.0015939,Ventricular_Cardiomyocytes,0.151912328,Negative
52511,MDC1,-0.14720842,0.044605287,0.000497769,Ventricular_Cardiomyocytes,0.14720842,Negative
52843,CA5B,-0.131425027,0.014668561,0.000102184,Ventricular_Cardiomyocytes,0.131425027,Negative
52867,CPNE1,0.130426603,0.097526675,0.001791896,Ventricular_Cardiomyocytes,0.130426603,Positive
52877,TMEM230,-0.130043368,0.084148122,0.001343589,Ventricular_Cardiomyocytes,0.130043368,Negative
52951,STAG1,-0.127473344,0.044041597,0.000475545,Ventricular_Cardiomyocytes,0.127473344,Negative
53106,ELP1,-0.121655939,0.026074518,0.000233862,Ventricular_Cardiomyocytes,0.121655939,Negative
53263,USP9X,-0.116282336,0.020082027,0.000166126,Ventricular_Cardiomyocytes,0.116282336,Negative
53534,MKLN1,0.108252657,0.038676071,0.000390667,Ventricular_Cardiomyocytes,0.108252657,Positive
53921,SMCHD1,-0.099124489,0.080575652,0.001248909,Ventricular_Cardiomyocytes,0.099124489,Negative
53989,KANSL3,-0.0973981,0.097648994,0.00180948,Ventricular_Cardiomyocytes,0.0973981,Negative
54634,CUL1,-0.08329724,0.062946757,0.000855076,Ventricular_Cardiomyocytes,0.08329724,Negative
55178,NCOR1,-0.073541692,0.05666794,0.00071057,Ventricular_Cardiomyocytes,0.073541692,Negative
62274,USP9Y,4.277072729,1.19E-36,4.56E-40,Neuron,4.277072729,Positive
62275,UTY,3.507885836,5.79E-48,1.11E-51,Neuron,3.507885836,Positive
62276,ANKRD1,1.020790899,0.004917397,7.54E-06,Neuron,1.020790899,Positive
62279,NLGN4X,-0.589562602,1.17E-07,8.97E-11,Neuron,0.589562602,Negative
62283,SYAP1,-0.533942304,0.022869467,4.78E-05,Neuron,0.533942304,Negative
62286,PUDP,-0.466883309,0.086651879,0.000215882,Neuron,0.466883309,Negative
62287,GEMIN8,-0.464747643,0.022869467,4.82E-05,Neuron,0.464747643,Negative
62290,KDM6A,-0.450966798,1.27E-08,7.31E-12,Neuron,0.450966798,Negative
62292,AP1S2,-0.441790948,0.003008962,4.04E-06,Neuron,0.441790948,Negative
62294,SLC25A25,-0.433529137,0.091572017,0.00024569,Neuron,0.433529137,Negative
62297,RECQL,0.426454258,0.09878715,0.000295004,Neuron,0.426454258,Positive
62300,OFD1,-0.419329395,8.41E-05,8.06E-08,Neuron,0.419329395,Negative
62337,ZFX,-0.344551352,0.007579283,1.31E-05,Neuron,0.344551352,Negative
62355,GPM6B,-0.32186763,0.000609009,7.00E-07,Neuron,0.32186763,Negative
62394,BCL2L13,-0.289369529,0.09878715,0.000313007,Neuron,0.289369529,Negative
62503,CAMSAP2,-0.244858648,0.038345719,8.82E-05,Neuron,0.244858648,Negative
62516,YTHDC2,0.241172903,0.09878715,0.000321844,Neuron,0.241172903,Positive
67492,UTY,4.923853165,7.73E-154,1.10E-157,Adipocytes,4.923853165,Positive
67493,TBL1Y,4.880088871,8.75E-58,4.96E-61,Adipocytes,4.880088871,Positive
67494,RPS4Y1,4.783917787,1.24E-63,5.28E-67,Adipocytes,4.783917787,Positive
67495,ZFY,4.378611175,2.58E-51,1.83E-54,Adipocytes,4.378611175,Positive
67496,USP9Y,4.186548191,1.69E-99,4.79E-103,Adipocytes,4.186548191,Positive
67497,CEACAM8,-1.10974478,0.001088344,1.54E-06,Adipocytes,1.10974478,Negative
67499,IL4R,0.927630428,0.094426036,0.000548336,Adipocytes,0.927630428,Positive
67501,LRP1B,0.848226921,0.057760776,0.000212958,Adipocytes,0.848226921,Positive
67508,HTRA3,0.719620261,0.07766669,0.00041851,Adipocytes,0.719620261,Positive
67510,PSG8,-0.694386347,0.07766669,0.000391995,Adipocytes,0.694386347,Negative
67518,ZNF552,-0.613366067,0.089230457,0.000493475,Adipocytes,0.613366067,Negative
67523,GYG2,-0.584795716,0.007683724,1.31E-05,Adipocytes,0.584795716,Negative
67535,PRSS23,-0.547560313,0.07766669,0.000393688,Adipocytes,0.547560313,Negative
67539,MVP,0.538018907,0.07766669,0.000384308,Adipocytes,0.538018907,Positive
67543,CD99,0.527128432,3.41E-05,3.87E-08,Adipocytes,0.527128432,Positive
67563,SLC25A37,0.477402912,0.07766669,0.000391712,Adipocytes,0.477402912,Positive
67565,FLACC1,-0.472103053,0.013658682,2.71E-05,Adipocytes,0.472103053,Negative
67576,THAP4,0.45383774,0.013958224,2.97E-05,Adipocytes,0.45383774,Positive
67582,ETV6,0.448642552,0.029573193,8.39E-05,Adipocytes,0.448642552,Positive
67590,KDM6A,-0.437089221,2.18E-09,1.85E-12,Adipocytes,0.437089221,Negative
67591,NDUFAF8,0.433950121,0.07766669,0.000415709,Adipocytes,0.433950121,Positive
67622,ZFX,-0.40756592,4.06E-06,4.03E-09,Adipocytes,0.40756592,Negative
67653,LRCH1,0.383917839,0.018327589,4.85E-05,Adipocytes,0.383917839,Positive
67669,CLCN6,0.373853469,0.0653056,0.00026208,Adipocytes,0.373853469,Positive
67671,ELMOD2,-0.372936192,0.062531338,0.000239414,Adipocytes,0.372936192,Negative
67678,PUDP,-0.365858374,0.094426036,0.000548989,Adipocytes,0.365858374,Negative
67711,HEPACAM,-0.347805914,0.045875663,0.000162634,Adipocytes,0.347805914,Negative
67720,TXNL4A,0.345733156,0.032486807,9.67E-05,Adipocytes,0.345733156,Positive
67763,INTS11,0.333418969,0.097893611,0.000583031,Adipocytes,0.333418969,Positive
67775,MLLT6,0.330015287,0.038054775,0.000120945,Adipocytes,0.330015287,Positive
67789,NBN,-0.325855873,0.01238691,2.28E-05,Adipocytes,0.325855873,Negative
67808,SMC3,0.316815468,0.07766669,0.000409572,Adipocytes,0.316815468,Positive
67903,PDCD10,0.290530679,0.071819887,0.000315714,Adipocytes,0.290530679,Positive
67920,CABIN1,0.286884374,0.017867382,4.31E-05,Adipocytes,0.286884374,Positive
68041,SCAF4,0.262901723,0.018327589,4.94E-05,Adipocytes,0.262901723,Positive
68092,CD2AP,0.254482382,0.067407562,0.000286759,Adipocytes,0.254482382,Positive
68127,KAT6A,0.24949371,0.000207306,2.65E-07,Adipocytes,0.24949371,Positive
68162,ALG13,-0.244655578,0.015124081,3.43E-05,Adipocytes,0.244655578,Negative
68284,PRKCA,0.23075839,0.0653056,0.000268557,Adipocytes,0.23075839,Positive
68381,HM13,0.221589798,0.006926674,1.08E-05,Adipocytes,0.221589798,Positive
68515,YTHDF3,-0.206770585,0.038054775,0.000124115,Adipocytes,0.206770585,Negative
68814,UBXN4,0.18456885,0.041179671,0.000140146,Adipocytes,0.18456885,Positive